{
    "change_parent": [11, 16, 1, 7, 6, 6, 3, 5, 0, 2, 2, 12, 6, 15, 2, 3, 12, 3, 8, 2, 6, 10, 7, 0, 10, 11, 10, 20, 11, 4, 1, 1, 4, 11, 9, 9, 2, 3, 11, 1, 1, 7, 14, 13, 6, 11, 0, 0, 11, 5],
    "change_layer": [0, 0, 0, 0, 0, 0, 0, 0, 0, 0, 0, 1, 0, 0, 0, 0, 0, 0, 0, 0, 0, 0, 0, 0, 0, 1, 1, 0, 0, 0, 0, 0, 0, 0, 0, 0, 0, 0, 0, 0, 0, 0, 0, 1, 0, 0, 0, 0, 1, 0],
    "partition": {
        "latency":[0.2242, 0.2266, 0.2321, 0.2325, 0.2425, 0.2404, 0.24280000000000002, 0.2422, 0.2425, 0.2425, 0.2421, 0.2441, 0.2288, 0.2285, 0.2372, 0.2386, 0.2386, 0.2349, 0.2349, 0.26489999999999997, 0.2664, 0.27140000000000003, 0.2664, 0.2703, 0.2703, 0.2236, 0.2052, 0.209, 0.18760000000000002, 0.18899999999999997, 0.18989999999999999, 0.1941, 0.18960000000000002, 0.1889, 0.1894, 0.1843, 0.1892, 0.18780000000000002, 0.188, 0.1855, 0.18600000000000003, 0.1858, 0.18469999999999998, 0.2169, 0.2087, 0.21350000000000002, 0.22690000000000002, 0.22690000000000002, 0.22690000000000002, 0.2086, 0.2261],
        "rtt":[1.1096, 1.1116, 1.1223999999999998, 1.122, 1.141, 1.1348, 1.1348, 1.1336, 1.1348, 1.1348, 1.1340000000000001, 1.138, 1.1086, 1.1086, 1.1268, 1.1296, 1.1296, 1.1296, 1.1296, 1.1876, 1.1882, 1.1982, 1.1898, 1.1898, 1.1898, 1.0992, 1.0636, 1.0798, 1.0436, 1.046, 1.0488, 1.0572, 1.0482, 1.0426, 1.0356, 1.023, 1.0328, 1.03, 1.03, 1.03, 1.031, 1.0293999999999999, 1.0298, 1.0864, 1.0768, 1.0788, 1.1084, 1.1084, 1.1084, 1.077, 1.112],
        "dsr":[1, 1, 1, 1, 1, 1, 1, 1, 1, 1, 1, 1, 1, 1, 1, 1, 1, 1, 1, 1, 1, 1, 1, 1, 1, 1, 1, 1, 1, 1, 1, 1, 1, 1, 1, 1, 1, 1, 1, 1, 1, 1, 1, 1, 1, 1, 1, 1, 1, 1, 1]
    },
    "llsf": {
        "latency":[0.054299999999999994, 0.0989, 0.11960000000000001, 0.1204, 0.38049999999999995, 0.38659999999999994, 0.3843, 0.38409999999999994, 0.36060000000000003, 0.36060000000000003, 0.36060000000000003, 0.36060000000000003, 0.3538, 0.3472, 0.3418, 0.32880000000000004, 0.32939999999999997, 0.2841, 0.2838, 0.1716, 0.1573, 0.1925, 0.2751, 0.2644, 0.2644, 0.7868999999999999, 0.5605, 0.4894, 0.3105, 0.36840000000000006, 0.3714, 0.3948, 0.3922, 0.34259999999999996, 0.43310000000000004, 0.3207, 0.32909999999999995, 0.3045, 0.2962, 0.25579999999999997, 0.25579999999999997, 0.2519, 0.20149999999999998, 0.23600000000000002, 0.2867, 0.2979, 0.2929, 0.2929, 0.2929, 0.2763, 0.31079999999999997],
        "rtt":[0.8519, 0.9211, 0.9434, 0.9448000000000001, 1.4518, 1.393, 1.3803, 1.3865, 1.2787, 1.2787, 1.3027000000000002, 1.2843, 1.3557, 1.3303, 1.2845, 1.2537, 1.2537, 1.1775, 1.1775, 1.1105, 1.0908, 1.1829, 1.3672, 1.2783, 1.2783, 2.1999, 1.9633, 1.8534, 1.4056, 1.3851, 1.3969999999999998, 1.4286, 1.4176, 1.3028, 1.4513999999999998, 1.1931, 1.2416, 1.1842, 1.1715, 1.0953, 1.1007, 1.1003, 1.0379, 1.2559, 1.3999000000000001, 1.3675, 1.3272, 1.3272, 1.3272, 1.3337, 1.3527],
        "dsr":[1, 0.97, 0.94, 0.94, 0.5, 0.56, 0.5700000000000001, 0.56, 0.61, 0.61, 0.61, 0.61, 0.6, 0.62, 0.63, 0.65, 0.65, 0.65, 0.65, 0.61, 0.62, 0.5900000000000001, 0.53, 0.6, 0.6, 0.39, 0.32999999999999996, 0.43000000000000005, 0.6699999999999999, 0.64, 0.65, 0.63, 0.63, 0.6699999999999999, 0.63, 0.72, 0.72, 0.74, 0.75, 0.81, 0.81, 0.81, 0.86, 0.73, 0.61, 0.63, 0.65, 0.65, 0.65, 0.5700000000000001, 0.62]
    },
}