{
    "change_parent": [11, 16, 1, 7, 6, 6, 3, 5, 0, 2, 2, 12, 6, 15, 2, 3, 12, 3, 8, 2, 6, 10, 7, 0, 10, 11, 10, 20, 11, 4, 1, 1, 4, 11, 9, 9, 2, 3, 11, 1, 1, 7, 14, 13, 6, 11, 0, 0, 11, 5],
    "change_layer": [0, 0, 0, 0, 0, 0, 0, 0, 0, 0, 0, 1, 0, 0, 0, 0, 0, 0, 0, 0, 0, 0, 0, 0, 0, 1, 1, 0, 0, 0, 0, 0, 0, 0, 0, 0, 0, 0, 0, 0, 0, 0, 0, 1, 0, 0, 0, 0, 1, 0],
    "partition": {
        "avg_latency":[0.2263, 0.22510000000000002, 0.2225, 0.22510000000000002, 0.2245, 0.2006, 0.2006, 0.2002, 0.19899999999999998, 0.2002, 0.1954, 0.217, 0.2481, 0.24789999999999998, 0.2491, 0.2489, 0.2489, 0.2507, 0.2515, 0.19519999999999998, 0.1999, 0.22649999999999998, 0.22640000000000002, 0.2235, 0.2234, 0.2234, 0.2225, 0.2214, 0.2211, 0.20550000000000002, 0.1839, 0.2073, 0.2043, 0.2059, 0.2041, 0.2041, 0.2045, 0.20190000000000002, 0.2009, 0.2007, 0.1955, 0.196, 0.19190000000000002, 0.1898, 0.1868, 0.1892, 0.1887, 0.19219999999999998, 0.1912, 0.2076, 0.2043],
        "avg_rtt":[1.1342, 1.1342, 1.129, 1.1342, 1.133, 1.0866, 1.0866, 1.0866, 1.0866, 1.088, 1.0802, 1.1201999999999999, 1.1756, 1.1756, 1.1756, 1.1752, 1.1752, 1.1752, 1.1752, 1.0735999999999999, 1.0781999999999998, 1.1326, 1.1326, 1.1306, 1.1306, 1.1306, 1.1306, 1.1314, 1.1308, 1.099, 1.0537999999999998, 1.102, 1.0959999999999999, 1.0979999999999999, 1.0932, 1.0932, 1.0932, 1.088, 1.0854000000000001, 1.0854000000000001, 1.075, 1.0759999999999998, 1.0742, 1.0682, 1.0634000000000001, 1.0682, 1.0682, 1.074, 1.072, 1.1026, 1.0959999999999999],
        "dsr":[1, 1, 1, 1, 1, 1, 1, 1, 1, 1, 1, 1, 1, 1, 1, 1, 1, 1, 1, 1, 1, 1, 1, 1, 1, 1, 1, 1, 1, 1, 1, 1, 1, 1, 1, 1, 1, 1, 1, 1, 1, 1, 1, 1, 1, 1, 1, 1, 1, 1, 1]
    },
    "llsf": {
        "avg_latency":[0.0732, 0.0704, 0.0759, 0.0693, 0.0765, 0.29600000000000004, 0.2833, 0.2818, 0.2535, 0.2727, 0.2808, 0.1393, 0.3946, 0.40630000000000005, 0.4075, 0.4093, 0.4093, 0.4329, 0.6355, 0.45399999999999996, 0.6259, 0.6468, 0.6463, 0.4175, 0.4302, 0.4365, 0.4314, 0.4111, 0.3931, 0.3414, 0.3847, 0.365, 0.36229999999999996, 0.3629, 0.3635, 0.3635, 0.3642, 0.39270000000000005, 0.3529, 0.38770000000000004, 0.4017, 0.4017, 0.25980000000000003, 0.2693, 0.2323, 0.2303, 0.23190000000000002, 0.287, 0.287, 0.2057, 0.1966],
        "avg_rtt":[0.6072, 0.6072, 0.6231, 0.6072, 0.6474, 1.064, 1.0386, 1.0386, 1.0005, 1.021, 1.0405, 0.7748, 1.2293, 1.2547, 1.2547, 1.2554, 1.2554, 1.2934999999999999, 1.6872, 1.6186, 1.7328999999999999, 1.7313999999999998, 1.7313999999999998, 1.2795, 1.3049000000000002, 1.3049000000000002, 1.3049000000000002, 1.2723, 1.2409999999999999, 1.2773999999999999, 1.3511000000000002, 1.3243, 1.3222, 1.3308000000000002, 1.3441999999999998, 1.3441999999999998, 1.3822999999999999, 1.4363, 1.349, 1.4252, 1.4443000000000001, 1.4387999999999999, 1.1659, 1.2537, 1.2054, 1.2029, 1.114, 1.1793, 1.1715, 0.9944, 0.9693],
        "dsr":[0.98, 0.98, 0.97, 0.98, 0.98, 0.75, 0.75, 0.75, 0.78, 0.76, 0.76, 0.89, 0.6599999999999999, 0.6599999999999999, 0.6599999999999999, 0.6599999999999999, 0.6599999999999999, 0.64, 0.54, 0.56, 0.61, 0.56, 0.56, 0.6699999999999999, 0.6599999999999999, 0.6599999999999999, 0.6599999999999999, 0.6799999999999999, 0.69, 0.6599999999999999, 0.5700000000000001, 0.5800000000000001, 0.61, 0.61, 0.61, 0.61, 0.5900000000000001, 0.5700000000000001, 0.6, 0.5700000000000001, 0.54, 0.54, 0.8, 0.74, 0.75, 0.76, 0.8200000000000001, 0.8200000000000001, 0.8200000000000001, 0.85, 0.87]
    }
}