{
    "llsf": {
        "avg_latency": [0.0347,0.0999,0.1051,0.1063,0.22899999999999998,0.1869,0.2146,0.2095,0.20920000000000002,0.1711,0.179,0.17800000000000002,0.1862,0.32799999999999996,0.3641,0.3641,0.38159999999999994,0.3275,0.3268,0.29059999999999997,0.29059999999999997,0.2303,0.25429999999999997,0.25429999999999997,0.2615,0.2577,0.2444,0.2353,0.2353,0.23829999999999998,0.2349],
        "avg_rtt": [0.6149,0.7448999999999999,0.759,0.7564,1.0249,0.9487000000000001,0.9472,0.9384999999999999,0.9512,0.8648,0.8581,0.8543000000000001,0.9203,1.1606999999999998,1.1958,1.1958,1.1947,1.0931,1.0931,1.0582,1.0582,0.9913,0.9976,0.9976,1.0053,1.003,1.0086,0.9959,0.9959,1.1205,0.9645],
        "dsr": [0.98,0.84,0.83,0.85,0.64,0.7,0.7,0.71,0.7,0.74,0.72,0.74,0.74,0.76,0.6599999999999999,0.6599999999999999,0.62,0.69,0.69,0.7,0.7,0.75,0.72,0.72,0.6799999999999999,0.69,0.71,0.72,0.72,0.65,0.72]
    },
    "partition": {
        "avg_latency": [0.1324,0.12240000000000001,0.1216,0.124,0.1533,0.15380000000000002,0.1528,0.15439999999999998,0.15439999999999998,0.15689999999999998,0.16390000000000002,0.1666,0.175,0.1722,0.17989999999999998,0.17989999999999998,0.1827,0.18239999999999998,0.18230000000000002,0.1832,0.1832,0.1838,0.17629999999999998,0.17629999999999998,0.1773,0.1802,0.1672,0.1673,0.1673,0.18170000000000003,0.1822],
        "avg_rtt": [1.0490000000000002,1.028,1.0231999999999999,1.0252,1.079,1.079,1.0772,1.0816,1.0816,1.0866,1.1048,1.1101999999999999,1.1281999999999999,1.1114,1.1298000000000001,1.1298000000000001,1.1414,1.1414,1.1414,1.1432,1.1432,1.1448,1.1298000000000001,1.1298000000000001,1.1298000000000001,1.1348,1.1088,1.1088,1.1088,1.1376,1.1396],
        "dsr":[1,1,1,1,1,1,1,1,1,1,1,1,1,1,1,1,1,1,1,1,1,1,1,1,1,1,1,1,1,1,1]
    }
}